createdAt,name,address,id
2026-09-06T14:57:36.820Z,Jessie Legros,Tyne and Wear,1
2026-09-07T09:50:58.762Z,Kari Keebler,Lee County,2
2026-09-06T14:14:53.478Z,Elmer Moore I,Henry County,3
2026-09-06T20:16:39.450Z,Gloria Hettinger,Logan County,4
2026-09-06T23:12:54.341Z,Karla Thiel,Cleveland,5
2026-09-06T23:53:46.024Z,Ruben Funk,Rutland,6
2026-09-06T18:29:34.999Z,Derek Adams I,Marion County,7
2026-09-06T23:49:41.180Z,Ella Fisher,County Londonderry,8
2026-09-06T14:49:03.220Z,Hugo Trantow,Warren County,9
2026-09-06T15:24:06.091Z,Laverne Schuppe,Essex,10
2026-09-07T02:19:34.180Z,Lisa Yundt,Warwickshire,11
2026-09-07T03:22:10.924Z,Dexter Mills,Jefferson County,12
2026-09-07T01:06:17.920Z,Marcos Abernathy,Bedfordshire,13
2026-09-07T13:33:31.020Z,Ms. Harriet Hackett,Clay County,14
2026-09-07T12:08:21.065Z,Miss Cynthia Parisian,Staffordshire,15
2026-09-06T19:35:37.466Z,Julius Moen,Polk County,16
2026-09-06T14:39:25.673Z,Rickey Kunze,Pike County,17
2026-09-07T10:40:25.936Z,Tamara Frami,Surrey,18
2026-09-07T06:57:24.746Z,Joy Schoen,West Yorkshire,19
2026-09-06T17:52:39.044Z,Lynne Zieme,Cleveland,20
2026-09-07T13:00:41.885Z,Marlene Rogahn,Tyne and Wear,21
2026-09-06T22:28:10.169Z,Kay Nicolas,Jefferson County,22
2026-09-06T20:03:36.964Z,Conrad Wisoky,Fife,23
2026-09-06T17:59:40.309Z,Elvira Balistreri,Madison County,24
2026-09-06T21:00:58.234Z,Christine Kunze,Dumfries and Galloway,25
2026-09-07T05:44:14.889Z,Cassandra Boyle,Kent,26
2026-09-07T09:29:40.306Z,Fred Ratke,Essex,27
2026-09-06T18:23:22.587Z,Mr. Domingo Rath,Isle of Wight,28
2026-09-07T05:43:06.548Z,Pat Frami,County Fermanagh,29
2026-09-06T21:26:09.857Z,Mr. Lester Parker,Warwickshire,30
2026-09-06T17:05:54.876Z,Pedro Hoppe,Logan County,31
2026-09-07T12:57:31.971Z,Erik Anderson,Logan County,32
2026-09-07T12:42:18.564Z,Rosa Torphy,Logan County,33
2026-09-07T05:10:54.174Z,Brad Conroy,Marion County,34
2026-09-06T19:29:29.077Z,Seth Bode,Bedfordshire,35
2026-09-07T02:52:05.265Z,Garrett Fahey MD,Staffordshire,36
2026-09-07T09:56:31.257Z,Timothy Stroman,Leicestershire,37
2026-09-07T06:36:54.071Z,Leroy Wisozk,West Yorkshire,38
2026-09-06T22:20:22.746Z,Guillermo Kuhn,West Yorkshire,39
2026-09-07T13:14:26.346Z,Dr. Michele Hayes,Borders,40
2026-09-07T02:51:25.276Z,Bill Schmitt,Cheshire,41
2026-09-07T03:15:02.453Z,Kenny O'Reilly,Berkshire,42
2026-09-07T04:15:44.202Z,Ms. Marsha Kunze I,Worcestershire,43
2026-09-06T19:41:36.418Z,Jose Larson,Union County,44
2026-09-06T23:40:09.102Z,Ghanshyam Patched,Gujarat,45
